yaw,pitch
0.24969648371112546,0.4076069611713258
0.24997370678962327,0.413707141164247
0.2501816255161114,0.4171929888607454
0.2503202370553603,0.4215502450054174
0.2503895442425995,0.4250360927019159
0.25045884859460915,0.42852194039841435
0.2505281557818484,0.4320077880949128
0.2505281557818484,0.43287926784435443
0.2505281557818484,0.43287926784435443
0.2505281557818484,0.43287926784435443
0.25059746013385803,0.43287926784435443
0.25059746013385803,0.43287926784435443
0.25059746013385803,0.43287926784435443
0.25059746013385803,0.43287926784435443
0.2507360745083365,0.43287926784435443
0.23907936262099605,0.4154932379303352
0.23783185593252637,0.41353245305738406
0.2370521621258107,0.4115716681844329
0.2365843464088272,0.4115716681844329
0.2362724711543246,0.4115716681844329
0.23611653069184368,0.41353245305738406
0.23596059306459238,0.41353245305738406
0.23580465543734108,0.41353245305738406
0.23580465543734108,0.41353245305738406
0.23564871497486017,0.4154932379303352
0.2223229091004726,0.3623342566372211
0.2223229091004726,0.3623342566372211
0.22246152063972152,0.3623342566372211
0.22266943653098004,0.3623342566372211
0.2229466624447074,0.36320573638666276
0.2232238855232052,0.36320573638666276
0.22343180424969333,0.36320573638666276
0.2235704157889422,0.36320573638666276
0.2237090273281911,0.36320573638666276
0.2237090273281911,0.36320573638666276
0.2237090273281911,0.36320573638666276
0.2237090273281911,0.36320573638666276
0.2237090273281911,0.3623342566372211
0.2237090273281911,0.3623342566372211
0.2237090273281911,0.3623342566372211
0.2237090273281911,0.3623342566372211
0.2237090273281911,0.3623342566372211
0.22363972297618145,0.3623342566372211
0.22343180424969333,0.3614628125384135
0.2233624970624541,0.35971985303953025
0.22329319271044445,0.35971985303953025
0.22329319271044445,0.35971985303953025
0.2232238855232052,0.35971985303953025
0.2232238855232052,0.35971985303953025
0.2232238855232052,0.35971985303953025
0.2232238855232052,0.35971985303953025
0.2232238855232052,0.35971985303953025
0.2232238855232052,0.35971985303953025
0.2232238855232052,0.35971985303953025
0.2232238855232052,0.35971985303953025
0.24650031805747263,0.540570207649257
0.24655229632147985,0.540570207649257
0.2465869513327143,0.5403523466245551
0.24670823678396075,0.5399166245751513
0.2468988265872169,0.5394809025257475
0.2470894192257026,0.5388272838010079
0.24729733795219078,0.5381737007269022
0.24747060166744445,0.5377379786774983
0.2476611943059302,0.5373022209774605
0.24776515083394468,0.5368664989280567
0.2478171319331815,0.5368664989280567
0.24786911019718877,0.5364307768786529
0.24792109129642553,0.5364307768786529
0.24819139357950298,0.535581079666618
0.24844782875467336,0.535581079666618
0.248602036891877,0.5336420773310737
0.248602036891877,0.5336420773310737
0.248602036891877,0.5336420773310737
0.2487579745191283,0.5316812924581226
0.24891391498160914,0.5277597583628544
0.24938173069859265,0.521877403744001
0.249537668325844,0.5159950491251477
0.2496936059530953,0.5101126945062943
0.24984954641557616,0.5042303398874409
0.2501614216700788,0.49638720039563644
0.24846342535262805,0.48385995974615603
0.24901787434485323,0.4908316194885189
0.25005746230683473,0.5021606066768218
0.25088913437755767,0.5117466700168756
0.2515821949090317,0.5213326977062952
0.7591613348922068,0.5768880076685939
0.7630597755734895,0.578848756890911
0.7677379327433245,0.5808095417638621
0.771480455643963,0.5808095417638621
0.7756907744149778,0.5847311115097644
0.7657106868844659,0.6219860240958357
0.7636834863892805,0.6180644543499335
0.7625919173280622,0.6161036694769824
0.7615003482668439,0.6121820997310801
0.7604087792056256,0.610221314858129
0.6495367264625753,0.6533585464124196
0.6470417102504066,0.6553193312853708
0.644078901003091,0.659240901031273
0.6420517118488239,0.6612016859042241
0.6403363894433708,0.6631624707771753
0.612735372715298,0.6239467733181527
0.611799741281331,0.6239467733181527
0.6075894253455456,0.6180644186992994
0.6018197331372473,0.6180644186992994
0.5957381571687577,0.6062997094615927
0.5996421974284734,0.5798092919242187
0.600889704116943,0.5817700767971699
0.6024490888951448,0.5837308616701209
0.6055678386049413,0.5915740011619255
0.6104018993792727,0.5974563557807788
0.6134596462892885,0.6084791040225608
0.6133037086620372,0.6084791040225608
0.612056199138338,0.6084791040225608
0.6100289986431526,0.6084791040225608
0.6086255543274317,0.6084791040225608
0.6075339852662135,0.6084791040225608
0.6072811479973882,0.6026920078978988
0.6068133322804047,0.6026920078978988
0.6066573946531534,0.6026920078978988
0.6065014570259021,0.6026920078978988
0.6050980098749515,0.6026920078978988
0.6049420722477002,0.6026920078978988
0.6047861317852193,0.6007312230249477
0.6047861317852193,0.6007312230249477
0.6047861317852193,0.6007312230249477
0.6047861317852193,0.6007312230249477
0.6047861317852193,0.6007312230249477
0.6047861317852193,0.6007312230249477
0.6055765541006899,0.597024590951755
0.6055765541006899,0.597024590951755
0.6055765541006899,0.597024590951755
0.6055765541006899,0.597024590951755
0.6052646788461873,0.5989853758247061
0.6049528007564551,0.6029069455706083
0.604640922666723,0.6029069455706083
0.6043290474122204,0.6048677304435595
0.6043290474122204,0.6048677304435595
0.6041731069497395,0.6048677304435595
0.6040171693224882,0.6048677304435595
0.6037052940679855,0.6048677304435595
0.603237478351002,0.6068285153165106
0.6026137221715376,0.6068285153165106
0.6018137309562129,0.6172511920859014
0.6016577904937321,0.6172511920859014
0.6019005683679848,0.6345295214344446
0.6019005683679848,0.6345295214344446
0.6018029797656214,0.645050879158896
0.6018029797656214,0.645050879158896
0.6016962617239898,0.6485011831732429
0.6016962617239898,0.6485011831732429
0.6016549354175386,0.6425018588240595
0.6016549354175386,0.6425018588240595
0.60165005882265,0.6322598951186866
0.60165005882265,0.6322598951186866
0.6016629194240538,0.6356049941119413
0.6016629194240538,0.6356049941119413
0.6016693639009036,0.6502924136306348
0.6016693639009036,0.6502924136306348
0.6016687798436089,0.6294005716650471
0.6016687798436089,0.6294005716650471
0.61469301935827,0.6112567162229493
0.6148489569855213,0.6112567162229493
0.6150048946127726,0.6132175010959005
0.6151608350752535,0.6132175010959005
0.6153167727025048,0.6151782859688516
0.5999164038226913,0.5951664442542444
0.5985129566717408,0.5971272291271954
0.596329832725452,0.6030095837460488
0.5927432644634425,0.6108527232378533
0.5918076386999346,0.6128135081108044
0.5894685771263946,0.6186958627296578
0.5871295098823954,0.6245782173485112
0.5840107573373693,0.6284997870944135
0.5810151331428208,0.5994848768584319
0.5789879439885539,0.601445661731383
0.5334525180684716,0.6196076633462141
0.534700019086482,0.6235292330921164
0.5357915796420116,0.6294115877109697
0.5367272054055194,0.633333157456872
0.5375068935417759,0.6372547272027742
0.5381306440507811,0.6392155120757254
0.5387543945597865,0.6411762969486765
0.5393781479040213,0.6450978310439447
0.5398459636210048,0.6470586159168958
0.54046971413001,0.6490194007898469
0.5715013104587086,0.6843135998042352
0.5716572509211895,0.6843135998042352
0.5716572509211895,0.6843135998042352
0.5716572509211895,0.6843135998042352
0.5716572509211895,0.6843135998042352
0.6621010577155694,0.8686273422110067
0.6631926267767877,0.8803920514487134
0.6678707499238676,0.905882219146444
0.6758235689136843,0.9294116732724915
0.6858035657168495,0.9470587014784175
0.6946919849531077,0.9588234107161242
0.7006176261295757,0.9647057653349776
0.705451720926662,0.9666665858585628
0.7082586123933334,0.9686273707315138
0.710597690978251,0.9705881556044651
0.7123130133837041,0.9705881556044651
0.714808029595873,0.9725489761280502
0.7180827367795279,0.9725489761280502
0.7236965027014932,0.9725489761280502
0.730089936913108,0.9745097610010014
0.7397580584617707,0.9745097610010014
0.7481786931685708,0.9764705458739524
0.7601858933021508,0.9803921156198547
0.7771830804963953,0.9901960399846104
0.7912174782899312,1.0
0.49259699298442,0.9411767033659046
0.47544385398677635,0.9156865356681742
0.4649960329609389,0.9098041810493208
0.45345664854434226,0.9078433961763697
0.44534789192727436,0.9019610415575163
0.9063701067931469,0.06470597210865514
0.906058274067088,0.06274518723570388
0.9049667248524769,0.05294126287094836
0.9040311387821831,0.041176589283875686
0.9032514676573042,0.029411880046168903
0.902471839060869,0.01764717080846223
0.9026277568415131,0.01764717080846223
0.9027836717869278,0.01960795568141327
0.902939589567572,0.02156877620499853
0.9030955073482162,0.02156877620499853
0.9030955073482162,0.02156877620499853
0.9032514222936308,0.01960795568141327
0.903407340074275,0.01960795568141327
0.9035632578549192,0.01764717080846223
0.9037191728003338,0.01764717080846223
0.903875090580978,0.01764717080846223
0.9040310083616222,0.013725601062559933
0.9041869233070368,0.013725601062559933
0.904342841087681,0.009803995666023635
0.904342841087681,0.007843210793072486
0.9044987588683253,0.0058823902694873365
0.9046546766489695,0.0039216053965362985
0.904810591594384,0.0039216053965362985
0.904810591594384,0.0039216053965362985
0.9049665093750283,0.0019608205235851495
0.9049665093750283,0.0019608205235851495
0.9051224271556725,0.0019608205235851495
0.9051224271556725,0.0019608205235851495
0.905278342101087,0.0019608205235851495
0.9055901776623754,0.0019608205235851495
0.9057460926077902,0.0019608205235851495
0.9060579281690786,0.0019608205235851495
0.9060579281690786,0.0019608205235851495
0.9062138431144932,0.0019608205235851495
0.9062138431144932,0.0019608205235851495
0.9062138431144932,0.0019608205235851495
0.9062138431144932,0.0019608205235851495
0.9062138431144932,0.0
0.9062138431144932,0.0
0.9062138431144932,0.0
0.9062138431144932,0.0
0.9062138431144932,0.0
0.9062138431144932,0.0
0.9062138431144932,0.0
0.9062138431144932,0.0
0.9060579281690786,0.0
0.9060579281690786,0.0
0.9060579281690786,0.0
0.9060579281690786,0.0
0.9060579281690786,0.0
0.9060579281690786,0.0
0.9060579281690786,0.0
0.9060579281690786,0.0
0.9060579281690786,0.0
0.9060579281690786,0.0
0.9060579281690786,0.0
0.9060579281690786,0.0
0.9060579281690786,0.0
0.9060579281690786,0.0
0.9060579281690786,0.0
0.30475261341752613,0.28318453709362906
0.3048219206047654,0.28318453709362906
0.3048219206047654,0.28318453709362906
0.3048219206047654,0.28318453709362906
0.3048219206047654,0.28318453709362906
0.3092575040368779,0.32588622485168617
0.30946541992813636,0.3293720725481846
0.3098119501938734,0.3319864761458755
0.31029709199885935,0.3354723238423739
0.31092084817832377,0.33982957998704594
0.31466337107896225,0.351158638476617
0.31466337107896225,0.351158638476617
0.31466337107896225,0.351158638476617
0.31466337107896225,0.351158638476617
0.31473267826620144,0.351158638476617
0.31473267826620144,0.351158638476617
0.31473267826620144,0.351158638476617
0.31473267826620144,0.351158638476617
0.31473267826620144,0.351158638476617
0.31473267826620144,0.351158638476617
0.31473267826620144,0.351158638476617
0.31473267826620144,0.351158638476617
0.31473267826620144,0.351158638476617
0.31473267826620144,0.351158638476617
0.31473267826620144,0.351158638476617
0.31473267826620144,0.351158638476617
0.31473267826620144,0.351158638476617
0.31473267826620144,0.351158638476617
0.31473267826620144,0.351158638476617
0.3148019826182111,0.35028715872717536
0.31362378028175114,0.3799169710993143
0.31341586439049257,0.3816598949475636
0.31313863847676515,0.385145742644062
0.31258419231976964,0.38950303443936807
0.3118911317882956,0.39386032623467415
0.3703389389101672,0.5255621463278848
0.3704775504494161,0.5264335904266925
0.37068546917590417,0.527305070176134
0.37089338790239235,0.527305070176134
0.3711706109808901,0.5281765142749416
0.3713785297073783,0.5281765142749416
0.3717943643251249,0.5281765142749416
0.37227950613011085,0.5290479940243833
0.3726953435830871,0.5290479940243833
0.37311117820083384,0.5290479940243833
0.36762974378458346,0.6184411032987104
0.3678234381642367,0.62041418764041
0.3678234381642367,0.62041418764041
0.3672873132608284,0.6146437403618511
0.3672873132608284,0.6146437403618511
0.36617765827007853,0.6027138260859397
0.36596974237881996,0.6009709022376905
0.36534887529830407,0.5959129685313279
0.36534887529830407,0.5959129685313279
0.36448849936324856,0.5919568533210277
0.39125847060633706,0.5841486514505958
0.39125847060633706,0.5841486514505958
0.39125847060633706,0.5841486514505958
0.39125847060633706,0.5841486514505958
0.3912844611559555,0.5848022701753355
0.39170029577370213,0.5900310060694491
0.39185623340095344,0.5923186003047701
0.3920641521274416,0.5952597776141968
0.39229806140354817,0.5975473718495178
0.3927658742853021,0.5998349304342048
0.39362353690564345,0.6027761077436314
0.3940133838090013,0.603756500180107
0.39484505587972424,0.6050637019789524
0.3955467780375847,0.606044094415428
0.3959106343913241,0.6063709037777978
0.3961965219314379,0.6066976774895336
0.39643043120754445,0.6066976774895336
0.396638347098803,0.6073512962142734
0.3967942875612839,0.6073512962142734
0.3968878529728642,0.6073512962142734
0.3968878529728642,0.6089634891874479
0.3968878529728642,0.6089634891874479
0.3968878529728642,0.6089634891874479
0.3968878529728642,0.6089634891874479
0.3970437906001156,0.6089634891874479
0.39853925512729227,0.6057210996709018
0.39841202136437354,0.600725447622231
0.39841202136437354,0.600725447622231
0.39776770693517827,0.597361489443562
0.39776770693517827,0.597361489443562
0.39706522777101827,0.5947682979731331
0.39706522777101827,0.5947682979731331
0.39629815640642113,0.5926244470943164
0.39629815640642113,0.5926244470943164
0.3956317356921408,0.5907966747370195
0.8871361360974619,0.8261236224238495
0.885819322221753,0.8243806985756003
0.884155978080307,0.8208948508791019
0.881938184946636,0.8156660793343542
0.880413452344439,0.8113087875390481
0.2488527420680533,0.46408130882889376
0.2493205577850368,0.44643424497233364
0.24978837350202032,0.43270875086167576
0.2502561892190038,0.41702247187806685
0.2505680644735064,0.4091793323862623
0.2316510327523652,0.49572648719472
0.23185894864362377,0.5000837789900261
0.23220547890936083,0.5061839946335813
0.23296784662807407,0.5148986138748275
0.2342153533165437,0.5262276010631304
0.2363638392629755,0.5488855397891023
0.23629453491096586,0.5497570195385438
0.23615592053648737,0.5514999433867931
0.2359480046452288,0.5523713874856007
0.23587869745798956,0.5532428672350423
0.23574008591874074,0.5558572351820992
0.2356014743794918,0.5576001590303483
0.23546286284024293,0.5610860067268468
0.23532424846576444,0.5645718187727112
0.23525494411375475,0.5671862223704021
0.2351856369265155,0.5689291462186513
0.2351856369265155,0.5698005903174589
0.23511633257450587,0.5706720700669006
0.23511633257450587,0.5706720700669006
0.23511633257450587,0.5706720700669006
0.23511633257450587,0.5706720700669006
0.23511633257450587,0.5706720700669006
0.23511633257450587,0.5706720700669006
0.23511633257450587,0.5706720700669006
0.23511633257450587,0.5706720700669006
0.23511633257450587,0.5706720700669006
0.23525494411375475,0.5698005903174589
0.23532424846576444,0.5698005903174589
0.23532424846576444,0.5689291462186513
0.23532424846576444,0.5689291462186513
0.23532424846576444,0.5689291462186513
0.2356534753253357,0.5834254070375492
0.2356534753253357,0.5834254070375492
0.23568983714478114,0.6053220264733052
0.23568983714478114,0.6053220264733052
0.2373096151484026,0.5894848740063812
0.2373096151484026,0.5877419501581319
0.23737892233564184,0.5859990263098827
0.23737892233564184,0.5798988106663274
0.23744822668765153,0.5746700747722138
0.23765614541413965,0.5642125673333525
0.23864680581914882,0.61673194060091
0.23892402889764663,0.6115032047067963
0.23906264327212512,0.6088888011091055
0.23913194762413476,0.6080173570102979
0.2394561107636648,0.6345826408791846
0.23966402949015292,0.6310967931826861
0.24015304421875383,0.6342935855382775
0.24022234857076347,0.6334221057888358
0.24026641087376555,0.6271897332448437
0.24026641087376555,0.6271897332448437
0.24006846648496233,0.6151124748983885
0.24006846648496233,0.6151124748983885
0.23978884196700484,0.6217386443461373
0.23978884196700484,0.6217386443461373
0.24010030611321742,0.6447975814039447
0.24035012386253318,0.6610397250737183
0.24035012386253318,0.6610397250737183
0.24049399191743526,0.6681067859128088
0.24021676883893744,0.6628780500186952
0.24004720226306436,0.6596995464383733
0.23970067199732736,0.653599330794818
0.23945598034310378,0.6512755868165666
0.2393173688038549,0.6451753711730114
0.23941094555635362,0.6397225710438705
0.23941094555635362,0.636236723347372
0.2393702146481156,0.6268673445610965
0.2393702146481156,0.6251244207128472
0.23923354807636293,0.612149443750287
0.23923354807636293,0.6104065555526718
0.23562639321232653,0.4816900839044802
0.23562639321232653,0.4808186041550386
0.23569569756433623,0.4808186041550386
0.23576500475157547,0.4808186041550386
0.23576500475157547,0.4808186041550386
0.2358343119388147,0.4808186041550386
0.23604222783007323,0.4808186041550386
0.23631945374380064,0.4808186041550386
0.23645806528304947,0.4808186041550386
0.23645806528304947,0.4816900839044802
0.23645806528304947,0.4816900839044802
0.23645806528304947,0.4816900839044802
0.23645806528304947,0.4816900839044802
0.23645806528304947,0.4816900839044802
0.23645806528304947,0.4816900839044802
0.23507194422010141,0.5557641870272191
0.23507194422010141,0.5557641870272191
0.23507194422010141,0.5557641870272191
0.23507194422010141,0.5557641870272191
0.23507194422010141,0.5557641870272191
0.23507194422010141,0.5557641870272191
0.23507194422010141,0.5557641870272191
0.23507194422010141,0.5557641870272191
0.23507194422010141,0.5557641870272191
0.23500263986809178,0.5557641870272191
0.23472541395436436,0.5540212631789698
0.23424027214937848,0.5496639713836639
0.23361651880514367,0.5426922759906669
0.23313137700015774,0.5374635400965533
0.2330620698129185,0.5339776924000549
0.23299276546090886,0.5331062126506132
0.23292345827366961,0.5322347685518056
0.23278484673442068,0.5296203649541147
0.23264623519517186,0.5278774767564995
0.23264623519517186,0.527005997007058
0.23264623519517186,0.527005997007058
0.23264623519517186,0.527005997007058
0.23264623519517186,0.527005997007058
0.23264623519517186,0.527005997007058
0.23264623519517186,0.527005997007058
0.23264623519517186,0.527005997007058
0.23264623519517186,0.527005997007058
0.23264623519517186,0.527005997007058
0.23264623519517186,0.527005997007058
0.23264623519517186,0.527005997007058
0.23264623519517186,0.527005997007058
0.23264623519517186,0.527005997007058
0.23250762365592292,0.5261345529082504
0.23216109339018587,0.5217772254623102
0.2318838703116881,0.5191628575152535
0.23146803285871187,0.5148055657199474
0.2312601141322237,0.5121911621222566
0.23077497232723782,0.5087053144257581
0.23049774924874,0.5060909464787013
0.23028983052225188,0.5052195023798937
0.2302205261702422,0.5052195023798937
0.2302205261702422,0.5052195023798937
0.2302205261702422,0.5052195023798937
0.2302205261702422,0.5052195023798937
0.2302205261702422,0.5052195023798937
0.2302205261702422,0.5052195023798937
0.2302205261702422,0.5052195023798937
0.2302205261702422,0.5052195023798937
0.2302205261702422,0.5052195023798937
0.2302205261702422,0.5052195023798937
0.2302205261702422,0.5052195023798937
0.2302205261702422,0.5052195023798937
0.2302205261702422,0.5052195023798937
0.2302205261702422,0.5052195023798937
0.2302205261702422,0.5052195023798937
0.2302205261702422,0.5052195023798937
0.2302205261702422,0.5052195023798937
0.2302205261702422,0.5043480582810861
0.2302205261702422,0.5043480582810861
0.2302205261702422,0.5043480582810861
0.2245027810384257,0.542256518290629
0.2254384124723927,0.5461780880365313
0.22621810344387883,0.5481388729094825
0.22699779725059455,0.5520604426553847
0.22808936631181287,0.557942797274238
0.2379817148275445,0.5874639821644155
0.2374272658353193,0.5743921424291315
0.23694212403033343,0.546505396507778
0.23687281967832374,0.5325620413724181
0.23694212403033343,0.5229759780323645
0.23962029040332372,0.5658206961342449
0.23968959759056296,0.5553631530447495
0.23968959759056296,0.5440342015070806
0.23968959759056296,0.5274764427740299
0.23905132787084582,0.5748839072752676
0.23773842944719575,0.5844188119554543
0.23766912509518612,0.5809329642589559
0.23733390739549876,0.5801595950544299
0.23712598866901063,0.5723164912132594
0.2366774269961483,0.5917648746566487
0.26227835652957043,0.5498661817800161
0.26241696806881937,0.5498661817800161
0.26276349833455637,0.5533520294765146
0.26297141422581494,0.5559663974235715
0.2631100286002934,0.5603237248695115
0.2631100286002934,0.5629380928165684
0.2631100286002934,0.5646810166648175
0.2631100286002934,0.5664239405130668
0.2629021098738053,0.5699097882095653
0.26276349833455637,0.5733956359060637
0.2626941911473172,0.5768814479519281
0.2626248867953075,0.5803672599977925
0.2626248867953075,0.5847245517930986
0.26255557960806825,0.5908247674366538
0.2623476608815801,0.5995393866779
0.2633681082086239,0.6037191739662527
0.2633277657268392,0.5976364627840178
0.2633277657268392,0.5976364627840178
0.2632200638605411,0.5942305081584337
0.2632200638605411,0.5942305081584337
0.2631856073153777,0.5918986358356181
0.2631856073153777,0.5918986358356181
0.2631728232651727,0.5905794554237306
0.2631728232651727,0.5905794554237306
0.26318002474832214,0.5887347490152581
0.03028671914130382,0.25849964591790253
0.028276844734120843,0.2654713056602654
0.025158075177717287,0.27418588925087745
0.02106902201134181,0.28464339668973876
0.016286908313492277,0.29771527207565684
0.014415645445558234,0.42669152989419745
0.014831482898534476,0.4275630096436391
0.015524543430008586,0.4275630096436391
0.016148296774243398,0.4275630096436391
0.01656413139199009,0.4275630096436391
0.0139305036405723,0.43192033708957916
0.010950345623417568,0.4354061847860776
0.008386025059239077,0.43976347658138365
0.0036039113613896,0.44673517197438056
0.0,0.45283538761793585
1.0,0.4737504024956584
0.9999479990541561,0.4737504024956584
0.9999219971636193,0.4737504024956584
0.9998959981083121,0.4737504024956584
0.9998179952719314,0.4737504024956584
0.9997400377992242,0.4740772118580283
0.9994802031837797,0.47505760429450383
0.9991943269845842,0.47571118736860957
0.9987265339494373,0.4760379967309794
0.9980248656609391,0.4760379967309794
0.9975830716810994,0.4760379967309794
0.9972192380091967,0.47571118736860957
0.997141235172816,0.47571118736860957
0.997089234226972,0.47571118736860957
0.9970632323364353,0.47571118736860957
0.03733841144121974,0.6439413601258781
0.04014526037944738,0.6439413601258781
0.042016523247381365,0.6439413601258781
0.0440436585322862,0.6439413601258781
0.04575895825590259,0.6439413601258781
0.047162382725016494,0.6439413601258781
0.04903364559295048,0.641980575252927
0.05106082340629914,0.641980575252927
0.052620165656057094,0.641980575252927
0.05417950790581516,0.641980575252927
0.6100075643074796,0.6663186927112136
0.6116709084489255,0.6724189083547688
0.6129877223246344,0.6785191239983241
0.6135421684816299,0.6811334919453809
0.6135421684816299,0.6811334919453809
0.24522555347175945,0.47427920835057635
0.24522555347175945,0.47427920835057635
0.24522555347175945,0.47427920835057635
0.24508694193251063,0.4760220965481915
0.24480971885401281,0.4786365001458823
0.24467110731476388,0.47950794424468995
0.24460180012752464,0.4803793883434975
0.244532495775515,0.4803793883434975
0.244532495775515,0.4803793883434975
0.244532495775515,0.4803793883434975
0.24446318858827576,0.4803793883434975
0.24446318858827576,0.4803793883434975
0.24446318858827576,0.4803793883434975
0.24446318858827576,0.4803793883434975
0.24446318858827576,0.4803793883434975
0.24377274497371,0.487751440356917
0.24377274497371,0.4868799962581094
0.24377274497371,0.4851370724098602
0.24384205216094917,0.483394184212245
0.24384205216094917,0.4825227044628034
0.5804335339920764,0.8816746543100619
0.5789088070603386,0.8842890579077527
0.5780078334728356,0.8851605020065603
0.576552413728337,0.886031981756002
0.5757207416576141,0.8869034258548094
0.575374211391877,0.8869034258548094
0.5752355998526282,0.8869034258548094
0.57502768112614,0.8877749056042512
0.5747504580476422,0.8895178294525004
0.5742653162426563,0.8930037127996329
0.5708693207725253,0.8869034258548094
0.5712158510382623,0.8851605020065603
0.5714930769519897,0.8834175781583111
0.5720475231089853,0.8816746543100619
0.5725326649139713,0.8799317304618126
0.576552413728337,0.8773173268641218
0.576067271923351,0.8790602507123709
0.5747504580476422,0.8816746543100619
0.5728792065206266,0.8834175781583111
0.5712158680496399,0.8842890579077527
0.5701069785708783,0.8842890579077527
0.5695525295786532,0.8834175781583111
0.5695525295786532,0.8834175781583111
0.5695525295786532,0.8834175781583111
0.5695525295786532,0.8834175781583111
0.5695525295786532,0.8834175781583111
0.5695525295786532,0.8834175781583111
0.5696218367658924,0.8825461340595036
0.569829752657151,0.8825461340595036
0.5701069785708783,0.8825461340595036
0.25267162337191235,0.5637453657740793
0.25267162337191235,0.5637453657740793
0.25267162337191235,0.5637453657740793
0.25267162337191235,0.5637453657740793
0.25267162337191235,0.5617845809011283
0.27228346779641194,0.6387562249572121
0.27401611912509705,0.6335274890630984
0.2772735002207496,0.6265557936701015
0.27956059770643027,0.6230699459736031
0.2820556139185991,0.6239414257230448
0.32012788200981135,0.6655921327892
0.32173924505202045,0.6655921327892
0.32355850697411054,0.6668992989374114
0.3249619427841427,0.6675529176621512
0.3262094494726123,0.667879727024521
0.3274049778970747,0.667879727024521
0.32826264051741605,0.667879727024521
0.328834412762414,0.667879727024521
0.329094312588139,0.6675529176621512
0.32917228140176463,0.6675529176621512
0.3365793583894159,0.6639580859773507
0.3366833177526599,0.6636312766149808
0.33686524592952966,0.6626508841785053
0.33702118355678096,0.6623240748161354
0.33735905219613155,0.6613436823796598
0.24958871663454685,0.804905684108573
0.24958871663454685,0.8031627602603237
0.2499352469002839,0.8022912805108822
0.251321367963232,0.8040342043591313
0.2523609559252135,0.8066486079568223
0.25249957029969194,0.8075200877062638
0.25249957029969194,0.8075200877062638
0.25249957029969194,0.8083915318050714
0.25249957029969194,0.8083915318050714
0.25249957029969194,0.8083915318050714
0.25249957029969194,0.8083915318050714
0.25249957029969194,0.8083915318050714
0.25249957029969194,0.8083915318050714
0.25249957029969194,0.8083915318050714
0.25249957029969194,0.8083915318050714
0.25249957029969194,0.8083915318050714
0.25249957029969194,0.8083915318050714
0.25249957029969194,0.8083915318050714
0.25249957029969194,0.8083915318050714
0.25249957029969194,0.8083915318050714
0.25249957029969194,0.8075200877062638
0.2523609559252135,0.8057771638580147
0.2522223443859646,0.8022913161615162
0.25215304003395494,0.7996769125638253
0.25215304003395494,0.7918337730720209
0.24583144203437046,0.7559141549844293
0.24614331728887306,0.7559141549844293
0.24661113300585658,0.7559141549844293
0.2475467644398236,0.7559141549844293
0.24895021159077413,0.7559141549844293
0.25004178065199245,0.7559141549844293
0.2514452278029429,0.7578749398573803
0.25253679686416125,0.7578749398573803
0.25269273449141255,0.7598356890796975
0.25269273449141255,0.7598356890796975
0.25269273449141255,0.7598356890796975
0.25253679686416125,0.7598356890796975
0.25253679686416125,0.7598356890796975
0.25253679686416125,0.7598356890796975
0.25253679686416125,0.7598356890796975
0.25774941182240785,0.7196897596263129
0.25806128991214,0.7216505088486299
0.2585291056291235,0.7236112937215811
0.2597766123175932,0.7275328634674834
0.26149193472304627,0.7294936483404344
0.2786451701184959,0.7412583219275071
0.27786547631178016,0.7687093101488228
0.27692984771304274,0.7981210832430897
0.27646203199605923,0.819689716845552
0.2759942162790757,0.8412583504480144
0.2714719995717216,0.866748589447013
0.2717838776614538,0.8569446294316234
0.27225169054320764,0.8491014899398188
0.27303138434992336,0.8392975655750632
0.27349920006690687,0.835375995829161
0.27379374923340705,0.8123476826660058
0.27330860742842117,0.8149620506130626
0.2725462425449375,0.8158335303625042
0.27157595893496567,0.8158335303625042
0.27053636813775456,0.8123476826660058
0.2676948216598487,0.8036330634247596
0.26741759858135095,0.8010186598270688
0.26714037550285313,0.7984042562293778
0.266932456776365,0.7975327764799363
0.26679384523711613,0.795789852631687
0.26672453804987684,0.795789852631687
0.26672453804987684,0.795789852631687
0.26672453804987684,0.795789852631687
0.26672453804987684,0.795789852631687
0.26672453804987684,0.795789852631687
0.26672453804987684,0.7975327764799363
0.266585926510628,0.7992757359788195
0.2664473149713791,0.8018901039258763
0.2663780077841399,0.8018901039258763
0.2663780077841399,0.8027615836753179
0.2663780077841399,0.8027615836753179
0.2663780077841399,0.8027615836753179
0.2663780077841399,0.8027615836753179
0.26623939624489096,0.8027615836753179
0.26603147751840284,0.8010186598270688
0.26596217316639315,0.8001472157282612
0.26596217316639315,0.7984042918800119
0.266100784705642,0.7949184441835134
0.2663780077841399,0.791432596487015
0.266585926510628,0.7905611523882075
0.27403975926938834,0.7951799059336631
0.27380586416942976,0.7951799059336631
0.27300019115401397,0.7964871077325084
0.2723504586010791,0.8004086418277766
0.2722205427109716,0.8033498547878374
0.26972569944780755,0.8170754201997633
0.26954380529369293,0.8174021939114992
0.26949184687629274,0.817729003273869
0.2694398884588926,0.817729003273869
0.26933595177748526,0.8170754201997633
0.296978660556626,0.7444392141003107
0.2972558864703533,0.7496679499944242
0.29746380236161185,0.7531537976909226
0.29753310954885115,0.7548967215391719
0.29753310954885115,0.7548967215391719
0.2834931717167034,0.7667656375802174
0.2837703947952012,0.767637081679025
0.2843248437874264,0.767637081679025
0.28480998559241233,0.7667656375802174
0.28557235331112557,0.7658941578307759
0.29755718348326915,0.7714976531900615
0.2983888555539921,0.7723691329395032
0.299220527624715,0.7741120567877524
0.29998289534342826,0.774983536537194
0.3009531789534001,0.7767264603854432
0.3053887623855126,0.7854411152773234
0.3048343133932875,0.7854411152773234
0.3040719485098038,0.7845696355278817
0.30240860436835787,0.7828267116796326
0.3012997092191371,0.7828267116796326
0.2981809396627335,0.7906698868220711
0.2981809396627335,0.7906698868220711
0.2981809396627335,0.7906698868220711
0.2981809396627335,0.7906698868220711
0.2981809396627335,0.7906698868220711
0.29637898114680916,0.7819552319301909
0.29637898114680916,0.7819552319301909
0.29630967679479947,0.7819552319301909
0.29575522780257435,0.7828267116796326
0.2947156398405929,0.7828267116796326
0.2988046930069683,0.7767264603854432
0.29928983481195426,0.7767264603854432
0.299567057890452,0.7767264603854432
0.2997056694297009,0.7767264603854432
0.29991358815618907,0.7767264603854432
0.8174822881719244,0.6925739230157356
0.81826198197864,0.6925739230157356
0.819197613412607,0.6925739230157356
0.8199773043840931,0.6906131381427845
0.8206010577283279,0.6886523532698333
0.8215366891622949,0.6866915327462482
0.8223163829690106,0.684730747873297
0.8229401363132454,0.6788483932544437
0.8237198301199611,0.6749268235085415
0.8243435834641959,0.6710052537626392
0.8248113991811794,0.669044468889688
0.8255910901526655,0.6612013293978836
0.826058905869649,0.6572797240013473
0.8268385996763647,0.6494365845095428
0.8276182906478509,0.6435542298906894
0.8299573692327684,0.6121817075741055
0.8299573692327684,0.6121817075741055
0.8299573692327684,0.6121817075741055
0.8296454911430362,0.6121817075741055
0.8288658001715501,0.6121817075741055
0.8280861063648344,0.6121817075741055
0.8277742311103318,0.6121817075741055
0.8277742311103318,0.6121817075741055
0.8277742311103318,0.6121817075741055
0.8279301687375831,0.6121817075741055
0.8280861063648344,0.6121817075741055
0.8282420439920857,0.6121817075741055
0.8282420439920857,0.6121817075741055
0.8282420439920857,0.6121817075741055
0.8282420439920857,0.6121817075741055
0.8282420439920857,0.6121817075741055
0.8282420439920857,0.6161032773200078
0.8283979844545666,0.6259072016847633
0.8283979844545666,0.635711126049519
0.8285539220818179,0.6455150504142746
0.8285539220818179,0.6533581899060791
0.8295069448140677,0.6485271011842
0.8295069448140677,0.650487886057151
0.8293510071868165,0.650487886057151
0.8293510071868165,0.650487886057151
0.8293510071868165,0.650487886057151
0.8293510071868165,0.650487886057151
0.8293510071868165,0.650487886057151
0.8293510071868165,0.650487886057151
0.8293510071868165,0.650487886057151
0.8293510071868165,0.650487886057151
0.8293510071868165,0.650487886057151
0.8293510071868165,0.650487886057151
0.8293510071868165,0.650487886057151
0.8293510071868165,0.650487886057151
0.8305987293527347,0.6594526657975517
0.8304427917254833,0.6574918809246006
0.8304427917254833,0.6574918809246006
0.8304427917254833,0.6574918809246006
0.8304427917254833,0.6574918809246006
0.8651994232587317,0.6256448486687625
0.8689419489945996,0.6236840637958114
0.8740878765177449,0.6236840637958114
0.8781422321444421,0.6295664184146648
0.8794654508037867,0.6356084878740785
0.8802451219286656,0.6375692727470297
0.8802451219286656,0.6375692727470297
0.8802451219286656,0.6375692727470297
0.8805569546547245,0.6395300576199807
0.8808687873807832,0.6414908424929319
0.771178940318369,0.6238454185655382
0.7710230026911178,0.6238454185655382
0.7708670622286369,0.6238454185655382
0.7708670622286369,0.6238454185655382
0.7707111246013855,0.6238454185655382
0.7843609235015279,0.8549502616613938
0.7849846768457627,0.8569110465343448
0.7862321863694619,0.858871831407296
0.7873237554306802,0.860832580629613
0.7882593840294176,0.8647541503755153
0.7887029301811417,0.8919656019866244
0.7871106227169827,0.8935560124223921
0.7850314439577902,0.897412234556074
0.7846935866593578,0.897412234556074
0.7846935866593578,0.897412234556074
0.7846935866593578,0.897412234556074
0.7846156291866506,0.897412234556074
0.7843037737787552,0.8964318064689645
0.7842258163060478,0.8944710215960133
0.7840698985254035,0.8915298442865867
0.8127888406089299,0.48771721574822546
0.8137244493610603,0.4926191779306033
0.8144261403313953,0.4965407476765055
0.8155176895460063,0.5053642796047856
0.8165312784526807,0.5122270266601145
0.8191061347300022,0.5725305376201176
0.819651907919693,0.5744913224930688
0.8198078257003372,0.5754717149295443
0.819268519669333,0.5858236964916068
0.819268519669333,0.5858236964916068
0.818956879738886,0.5882094725731116
0.818956879738886,0.5891898650095871
0.818889846405775,0.590367084596673
0.8190457613511897,0.5952690467790508
0.8188407430645684,0.6045513310663333
0.6834472829588019,0.23375036969707508
0.6836032205860532,0.23375036969707508
0.684226973930288,0.2435543297124647
0.685162605364255,0.2513974335536352
0.6865660411742871,0.2651229276642931
0.6853185231448992,0.32198565332924156
0.6853185231448992,0.32198565332924156
0.6853185231448992,0.32198565332924156
0.6853185231448992,0.32198565332924156
0.6853185231448992,0.32198565332924156
0.6853185231448992,0.32198565332924156
0.6851625826824183,0.32198565332924156
0.6851625826824183,0.32198565332924156
0.6851625826824183,0.32198565332924156
0.6851625826824183,0.32198565332924156
0.6851625826824183,0.32198565332924156
0.6851625826824183,0.32198565332924156
0.6851625826824183,0.32198565332924156
0.6851625826824183,0.32198565332924156
0.6851625826824183,0.32198565332924156
0.6853185231448992,0.3141425494880711
0.6851625826824183,0.3141425494880711
0.685006645055167,0.3141425494880711
0.6848507074279157,0.3141425494880711
0.6846947698006643,0.3141425494880711
0.6846947698006643,0.3141425494880711
0.6846947698006643,0.31610329871038817
0.6846947698006643,0.31610329871038817
0.6846947698006643,0.31610329871038817
0.6846947698006643,0.31610329871038817
0.6846947698006643,0.31610329871038817
0.6846947698006643,0.31610329871038817
0.6846947698006643,0.31610329871038817
0.6846947698006643,0.31610329871038817
0.6846947698006643,0.31610329871038817
0.9897088367497286,0.4513972766908454
0.9881494944999707,0.4906129741498678
0.9859663989059779,0.5239463169900369
0.9837833033119849,0.5513973052113527
0.9819120432792806,0.5710051539408638
0.9770122987411215,0.5854049797946466
0.9745173250573964,0.6010912587782556
0.9734257786780148,0.606973613397109
0.9728020678622238,0.6128559680159623
0.971554603702198,0.6206991075077668
0.9687987605442294,0.5967395997831301
0.9659919087707722,0.6026219544019834
0.9643907327084671,0.5900591700703515
0.9618957618599716,0.5939807398162538
0.9606482523362725,0.5959415246892049
0.9608041701169167,0.5939807398162538
0.9608041701169167,0.5939807398162538
0.9608041701169167,0.5939807398162538
0.9608041701169167,0.5939807398162538
0.9608041701169167,0.5959415246892049
0.9611160028429755,0.5959415246892049
0.9618956739678544,0.5959415246892049
0.9629872231824657,0.6037846641810094
0.9644113703446264,0.5930438055026896
0.9645672881252706,0.6028477298674452
0.965012064766635,0.6170772169917196
0.9643164525285333,0.6098042380903352
0.9643164525285333,0.6098042380903352
0.9643164525285333,0.6098042380903352
0.9643164525285333,0.6098042380903352
0.9643164525285333,0.6098042380903352
0.9666928427348077,0.5992591726942381
0.9666928427348077,0.5992591726942381
0.9666928427348077,0.5992591726942381
0.9676284741687746,0.5972983878212871
0.6295534868088661,0.282295517232233
0.6291376521911194,0.28665284467817315
0.6283059801203965,0.29362454007117
0.6274050008624343,0.2997247557147253
0.6260881869867254,0.30669641545708815
0.6238010895010447,0.3075678952065298
0.6238010895010447,0.3075678952065298
0.6238010895010447,0.30669641545708815
0.6238010895010447,0.30669641545708815
0.6238010895010447,0.30495349160883894
0.623870396688284,0.3005961641628988
0.623870396688284,0.3005961641628988
0.623870396688284,0.3005961641628988
0.623870396688284,0.3005961641628988
0.623870396688284,0.3005961641628988
0.623870396688284,0.3005961641628988
0.623870396688284,0.3005961641628988
0.6235931707745567,0.29885324031464955
0.6232466433440492,0.2962388367169587
0.622692194351824,0.29188150927101864
0.6215139920153641,0.27968100668264
0.6215139920153641,0.27968100668264
0.6215139920153641,0.27968100668264
0.6214446848281249,0.27968100668264
0.6213753804761152,0.28055248643208164
0.6213753804761152,0.28055248643208164
0.6213753804761152,0.28055248643208164
0.6213753804761152,0.28055248643208164
0.6213753804761152,0.28055248643208164
0.6213753804761152,0.28055248643208164
0.6213753804761152,0.28055248643208164
0.6213753804761152,0.28055248643208164
0.6213753804761152,0.28055248643208164
0.6213753804761152,0.28055248643208164
0.6213753804761152,0.28055248643208164
0.6213753804761152,0.28055248643208164
0.6213753804761152,0.28055248643208164
0.6213753804761152,0.28055248643208164
0.6213753804761152,0.28055248643208164
0.6213753804761152,0.28055248643208164
0.6213753804761152,0.28055248643208164
0.6213753804761152,0.28055248643208164
0.6213753804761152,0.28055248643208164
0.6213753804761152,0.28055248643208164
0.6213753804761152,0.28055248643208164
0.6213753804761152,0.28055248643208164
0.6213753804761152,0.28055248643208164
0.6213753804761152,0.28055248643208164
0.6213753804761152,0.28055248643208164
0.6213753804761152,0.28055248643208164
0.6213753804761152,0.28055248643208164
0.6213753804761152,0.28055248643208164
0.6213753804761152,0.28055248643208164
0.6213753804761152,0.28055248643208164
0.6213753804761152,0.28055248643208164
0.6213753804761152,0.28055248643208164
0.6213753804761152,0.28055248643208164
0.6213753804761152,0.28055248643208164
0.6213753804761152,0.28055248643208164
0.6213753804761152,0.28055248643208164
0.6213753804761152,0.28055248643208164
0.6213753804761152,0.28055248643208164
0.6213753804761152,0.28055248643208164
0.6213753804761152,0.28055248643208164
0.6213753804761152,0.28055248643208164
0.6213753804761152,0.28055248643208164
0.6213753804761152,0.28055248643208164
0.6213753804761152,0.28055248643208164
0.6213753804761152,0.28055248643208164
0.6213753804761152,0.28055248643208164
0.6213753804761152,0.28055248643208164
0.6213753804761152,0.28055248643208164
0.6213753804761152,0.28055248643208164
0.6213753804761152,0.28055248643208164
0.6213753804761152,0.28055248643208164
0.6213753804761152,0.28055248643208164
0.6213753804761152,0.28055248643208164
0.6213753804761152,0.28055248643208164
0.6213753804761152,0.28055248643208164
0.6213753804761152,0.28055248643208164
0.6213753804761152,0.28055248643208164
0.6213753804761152,0.28055248643208164
0.6213753804761152,0.28055248643208164
0.6213753804761152,0.28055248643208164
0.6213753804761152,0.28055248643208164
0.6213753804761152,0.28055248643208164
0.6213753804761152,0.28055248643208164
0.6213753804761152,0.28055248643208164
0.6213753804761152,0.28055248643208164
0.6213753804761152,0.28055248643208164
0.6213753804761152,0.28055248643208164
0.6213753804761152,0.28055248643208164
0.6213753804761152,0.28055248643208164
0.6213753804761152,0.28055248643208164
0.6213753804761152,0.28055248643208164
0.6213753804761152,0.28055248643208164
0.6213753804761152,0.28055248643208164
0.6213753804761152,0.28055248643208164
0.6213753804761152,0.28055248643208164
0.6213753804761152,0.28055248643208164
0.6213753804761152,0.28055248643208164
0.6213753804761152,0.28055248643208164
0.6213753804761152,0.28055248643208164
0.6213753804761152,0.28055248643208164
0.6213753804761152,0.28055248643208164
0.6213753804761152,0.28055248643208164
0.6213753804761152,0.28055248643208164
0.6213753804761152,0.28055248643208164
0.6213753804761152,0.28055248643208164
0.6213753804761152,0.28055248643208164
0.6213753804761152,0.28055248643208164
0.6213753804761152,0.28055248643208164
0.6213753804761152,0.28055248643208164
0.6213753804761152,0.28055248643208164
0.6213753804761152,0.28055248643208164
0.6213753804761152,0.28055248643208164
0.6213753804761152,0.28055248643208164
0.6213753804761152,0.28055248643208164
0.6213753804761152,0.28055248643208164
0.6213753804761152,0.28055248643208164
0.6213753804761152,0.28055248643208164
0.6213753804761152,0.28055248643208164
0.6213753804761152,0.28055248643208164
0.6213753804761152,0.28055248643208164
0.6213753804761152,0.28055248643208164
0.6213753804761152,0.28055248643208164
0.6213753804761152,0.28055248643208164
0.6213753804761152,0.28055248643208164
0.6213753804761152,0.28055248643208164
0.6213753804761152,0.28055248643208164
0.6213753804761152,0.28055248643208164
0.6213753804761152,0.28055248643208164
0.6213753804761152,0.28055248643208164
0.6213753804761152,0.28055248643208164
0.6213753804761152,0.28055248643208164
0.6213753804761152,0.28055248643208164
0.6213753804761152,0.28055248643208164
0.6213753804761152,0.28055248643208164
0.6213753804761152,0.28055248643208164
0.6213753804761152,0.28055248643208164
0.6213753804761152,0.28055248643208164
0.6213753804761152,0.28055248643208164
0.6213753804761152,0.28055248643208164
0.6213753804761152,0.28055248643208164
0.6213753804761152,0.28055248643208164
0.6213753804761152,0.28055248643208164
0.6213753804761152,0.28055248643208164
0.6213753804761152,0.28055248643208164
0.6213753804761152,0.28055248643208164
0.6213753804761152,0.28055248643208164
0.6213753804761152,0.28055248643208164
0.6213753804761152,0.28055248643208164
0.6213753804761152,0.28055248643208164
0.6213753804761152,0.28055248643208164
0.6213753804761152,0.28055248643208164
0.6213753804761152,0.28055248643208164
0.6213753804761152,0.28055248643208164
0.6213753804761152,0.28055248643208164
0.6213753804761152,0.28055248643208164
0.6213753804761152,0.28055248643208164
0.6213753804761152,0.28055248643208164
0.6213753804761152,0.28055248643208164
0.6213753804761152,0.28055248643208164
0.6213753804761152,0.28055248643208164
0.6213753804761152,0.28055248643208164
0.6213753804761152,0.28055248643208164
0.6213753804761152,0.28055248643208164
0.6213753804761152,0.28055248643208164
0.6213753804761152,0.28055248643208164
0.6213753804761152,0.28055248643208164
0.6213753804761152,0.28055248643208164
0.6213753804761152,0.28055248643208164
0.6213753804761152,0.28055248643208164
0.6213753804761152,0.28055248643208164
0.6213753804761152,0.28055248643208164
0.6213753804761152,0.28055248643208164
0.6213753804761152,0.28055248643208164
0.6213753804761152,0.28055248643208164
0.6213753804761152,0.28055248643208164
0.6213753804761152,0.28055248643208164
0.6213753804761152,0.28055248643208164
0.6213753804761152,0.28055248643208164
0.6213753804761152,0.28055248643208164
0.6213753804761152,0.28055248643208164
0.6213753804761152,0.28055248643208164
0.6213753804761152,0.28055248643208164
0.6213753804761152,0.28055248643208164
0.6213753804761152,0.28055248643208164
0.6213753804761152,0.28055248643208164
0.6213753804761152,0.28055248643208164
0.6213753804761152,0.28055248643208164
0.6213753804761152,0.28055248643208164
0.6213753804761152,0.28055248643208164
0.6213753804761152,0.28055248643208164
0.6213753804761152,0.28055248643208164
0.6213753804761152,0.28055248643208164
0.6213753804761152,0.28055248643208164
0.6213753804761152,0.28055248643208164
0.6213753804761152,0.28055248643208164
0.6213753804761152,0.28055248643208164
0.6213753804761152,0.28055248643208164
0.6213753804761152,0.28055248643208164
0.6213753804761152,0.28055248643208164
0.6213753804761152,0.28055248643208164
0.6213753804761152,0.28055248643208164
0.6213753804761152,0.28055248643208164
0.6213753804761152,0.28055248643208164
0.6213753804761152,0.28055248643208164
0.6213753804761152,0.28055248643208164
0.6213753804761152,0.28055248643208164
0.6213753804761152,0.28055248643208164
0.6213753804761152,0.28055248643208164
0.6213753804761152,0.28055248643208164
0.6213753804761152,0.28055248643208164
0.6213753804761152,0.28055248643208164
0.6213753804761152,0.28055248643208164
0.6213753804761152,0.28055248643208164
0.6213753804761152,0.28055248643208164
0.6213753804761152,0.28055248643208164
0.6213753804761152,0.28055248643208164
0.6213753804761152,0.28055248643208164
0.6213753804761152,0.28055248643208164
0.6213753804761152,0.28055248643208164
0.6213753804761152,0.28055248643208164
0.6213753804761152,0.28055248643208164
0.6213753804761152,0.28055248643208164
0.6213753804761152,0.28055248643208164
0.6213753804761152,0.28055248643208164
0.6213753804761152,0.28055248643208164
0.6213753804761152,0.28055248643208164
0.6213753804761152,0.28055248643208164
0.6213753804761152,0.28055248643208164
0.6213753804761152,0.28055248643208164
0.6213753804761152,0.28055248643208164
0.6213753804761152,0.28055248643208164
0.6213753804761152,0.28055248643208164
0.6213753804761152,0.28055248643208164
0.6213753804761152,0.28055248643208164
0.6213753804761152,0.28055248643208164
0.6213753804761152,0.28055248643208164
0.6213753804761152,0.28055248643208164
0.6213753804761152,0.28055248643208164
0.6213753804761152,0.28055248643208164
0.6213753804761152,0.28055248643208164
0.6213753804761152,0.28055248643208164
0.6213753804761152,0.28055248643208164
0.6213753804761152,0.28055248643208164
0.6213753804761152,0.28055248643208164
0.6213753804761152,0.28055248643208164
0.6213753804761152,0.28055248643208164
0.6213753804761152,0.28055248643208164
0.6213753804761152,0.28055248643208164
0.6213753804761152,0.28055248643208164
0.6213753804761152,0.28055248643208164
0.6213753804761152,0.28055248643208164
0.6213753804761152,0.28055248643208164
0.6213753804761152,0.28055248643208164
0.6213753804761152,0.28055248643208164
0.6213753804761152,0.28055248643208164
0.6213753804761152,0.28055248643208164
0.4889914542012479,0.5455153784001079
0.48867958178197485,0.5513977330189612
0.48852364415472355,0.5612016573837169
0.48836770652747225,0.580809470462594
0.48805583127296964,0.5925741797003008
0.48805583127296964,0.6004173191921053
0.4877439588536966,0.6062996738109586
0.4875880212264453,0.6082604586839098
0.4872761459719427,0.612182028429812
0.4863405202084349,0.6141428133027631
0.47495707341908955,0.5827702553355452
0.4751130138815704,0.5827702553355452
0.4751130138815704,0.5827702553355452
0.4752689515088217,0.5827702553355452
0.4752689515088217,0.5827702553355452
0.4752689515088217,0.5827702553355452
0.4752689515088217,0.5827702553355452
0.4752689515088217,0.5827702553355452
0.4752689515088217,0.5827702553355452
0.4752689515088217,0.5827702553355452
0.4752689515088217,0.5827702553355452
0.4752689515088217,0.5827702553355452
0.4752689515088217,0.5827702553355452
0.47542488913607306,0.5827702553355452
0.47573676439057566,0.5827702553355452
0.2982177551189128,0.645699328541698
0.29541086081701173,0.6398169739228445
0.2927599069775916,0.6358954398275763
0.29026489076542283,0.6339346549546253
0.28948519979393667,0.6319738700816742
0.284495167369599,0.6260915154628208
0.2840273516526155,0.6260915154628208
0.2830917202186485,0.6260915154628208
0.28200015115743016,0.6260915154628208
0.2807526444689606,0.6260915154628208
0.27997295066224487,0.6280523003357719
0.27934919731801,0.6280523003357719
0.27919325969075875,0.6280523003357719
0.27919325969075875,0.6280523003357719
0.27919325969075875,0.6280523003357719
0.27919325969075875,0.6280523003357719
0.27919325969075875,0.6280523003357719
0.27919325969075875,0.6280523003357719
0.27919325969075875,0.6280523003357719
0.27919325969075875,0.630013085208723
0.27919325969075875,0.630013085208723
0.28012888828949617,0.6358954398275763
0.28184421353017886,0.6398170095734786
0.2841832892798668,0.6437385436687468
0.28574267405806864,0.645699328541698
0.286366430237533,0.6476601134146491
0.28667830549203566,0.6515816831605513
0.28683424595451656,0.6515816831605513
0.2874579992987513,0.6574640734300388
0.28901738407695315,0.6633464280488921
0.2930026083006455,0.6717184446968826
0.29580949976731696,0.677600799315736
0.2953896618053943,0.6666744860390691
0.2960134179848587,0.6686352709120202
0.2954655013616006,0.653106282525856
0.2982144435707559,0.6153770382537007
0.29712287450953756,0.619298607999603
0.2936922296986313,0.6271417474914075
0.2902615820524954,0.6310633172373097
0.2869868748688405,0.634984886983212
0.284647796283923,0.6389064567291142
0.283712164849956,0.6408672416020653
0.283712164849956,0.6408672416020653
0.283712164849956,0.6408672416020653
0.283712164849956,0.6408672416020653
0.283712164849956,0.6408672416020653
0.283712164849956,0.6408672416020653
0.283712164849956,0.6408672416020653
0.2835562272227047,0.636945671856163
0.2838681024772073,0.6330241021102608
0.2843359181941908,0.6291025323643585
0.2848037339111743,0.6271417474914075
0.2852715496281578,0.6251809626184563
0.28589530297239263,0.6251809626184563
0.28620718106212484,0.6232201777455052
0.28636311868937614,0.6232201777455052
0.28651905915185705,0.6232201777455052
0.28683093440635965,0.6232201777455052
0.28714281249609186,0.621259392872554
0.28729875012334316,0.621259392872554
0.28745468775059446,0.621259392872554
0.28745468775059446,0.621259392872554
0.28745468775059446,0.621259392872554
0.28745468775059446,0.621259392872554
0.28761062821307537,0.621259392872554
0.2946278582973687,0.5683182369535078
0.2944719206701174,0.5683182369535078
0.2943159830428661,0.5683182369535078
0.2933803516088991,0.5683182369535078
0.29244472017493206,0.5683182369535078
0.2919769044579486,0.5683182369535078
0.291665029203446,0.5683182369535078
0.2905751471038316,0.5757801642153766
0.2904192066413507,0.5757801642153766
0.29101283000077094,0.5804397377368236
0.29085689237351964,0.5804397377368236
0.29060590650961426,0.582823980841064
0.29060590650961426,0.582823980841064
0.29028479124188966,0.5806582404729385
0.2901334381808795,0.5825160306641085
0.2902893786433604,0.5825160306641085
0.29091313198759516,0.588398385282962
0.29184876342156224,0.5982023096477175
0.29262845439304835,0.606045449139522
0.2937200234542667,0.6158493735042776
0.29481159535071455,0.6217317281231309
0.2963709801289164,0.6276140470913503
0.2979303649071182,0.6295748319643014
0.29917787159558784,0.6295748319643014
0.3007372563737897,0.6295748319643014
0.29387596391674753,0.5433003688557201
0.29403190154399883,0.5433003688557201
0.29496753297796585,0.5550650780934269
0.29559128632220066,0.5687905722040847
0.2962150396664355,0.5825160306641085
0.2963851902996033,0.5937960695318558
0.2965411279268546,0.597717639277758
0.296830185253646,0.6036979974896249
0.296830185253646,0.6036979974896249
0.296830185253646,0.6056587823625761
0.296830185253646,0.6056587823625761
0.2969861228808973,0.6056587823625761
0.3064534648111703,0.6008149307137057
0.3000517460587041,0.6007025242645345
0.3006754994029389,0.6026633091374857
0.27946144122210553,0.628009163068567
0.2779020564439037,0.6299699479415181
0.2757189154862375,0.6299699479415181
0.27306796164681735,0.6299699479415181
0.27150857686861557,0.628009163068567
0.2673281527583596,0.594968904090953
0.2671722151311082,0.5988904738368552
0.26745309565577247,0.6117156824857561
0.26745309565577247,0.6156372522316583
0.2676127105757974,0.6284042077445156
0.2676127105757974,0.6303649926174667
0.26805474271492225,0.6334625692584868
0.26805474271492225,0.6334625692584868
0.26790646020755415,0.6319768647349346
0.26790646020755415,0.6319768647349346
0.26851418599893717,0.6254618896147992
0.26851418599893717,0.6254618896147992
0.26847008116749127,0.6442164760688701
0.26847008116749127,0.6442164760688701
0.2684143802470371,0.6569362301422403
0.2684143802470371,0.6569362301422403
0.2686358400300298,0.6592984768052697
0.2686358400300298,0.6592984768052697
0.2686407279658368,0.653845819278665
0.2686407279658368,0.653845819278665
0.2915891471187959,0.5873245525346317
0.2901856999678454,0.5853637676616806
0.2886263151896436,0.5853637676616806
0.2867550523217096,0.5853637676616806
0.28457191419927297,0.5853637676616806
0.272408711228161,0.6010500466452896
0.272408711228161,0.6010500466452896
0.272408711228161,0.6010500466452896
0.272408711228161,0.6010500466452896
0.272408711228161,0.6010500466452896
0.49936867233992516,0.6004172478908372
0.49843304657641735,0.6023780327637883
0.4974974208129095,0.6043388176367394
0.4960939850028773,0.6043388176367394
0.49565035095903615,0.5873517896190487
0.48769754331013787,0.5893125744919998
0.48925691958265094,0.5932341442379021
0.490816295855164,0.6010772837297066
0.4922197345004257,0.6049988534756088
0.4931553602639336,0.6089204232215111
0.4931553602639336,0.6089204232215111
0.4931553602639336,0.6089204232215111
0.4931553602639336,0.6089204232215111
0.4931553602639336,0.6089204232215111
0.4931553602639336,0.6089204232215111
0.4931553602639336,0.6089204232215111
0.4933112950559553,0.6089204232215111
0.4933112950559553,0.6089204232215111
0.4933112950559553,0.6089204232215111
0.4933112950559553,0.6089204232215111
0.4933112950559553,0.6089204232215111
0.4934672326832066,0.6089204232215111
0.4937791079377092,0.6089204232215111
0.49393504556496054,0.6089204232215111
0.49409098035698223,0.6089204232215111
0.4955113566637931,0.5968901524107386
0.4955113566637931,0.5968901524107386
0.4955113566637931,0.5968901524107386
0.4955113566637931,0.5968901524107386
0.4955113566637931,0.5968901524107386
0.38336055016700166,0.669247713154428
0.38336055016700166,0.669247713154428
0.38336055016700166,0.669247713154428
0.38336055016700166,0.669247713154428
0.3830486720772695,0.669247713154428
0.37165997160750064,0.672454879844529
0.37415496513783275,0.6822588042092846
0.3774296411339622,0.6979450831928936
0.3805484106903658,0.7077490075576491
0.38304341556161636,0.7136313621765026
0.3890856073559215,0.6326178274845854
0.3917365611953416,0.6286962577386831
0.39668635887661885,0.6665609387696082
0.401052615274885,0.6606785841507549
0.4040154245222007,0.6587177992778037
0.40916139457378964,0.6587177992778037
0.40916139457378964,0.6587177992778037
0.40916139457378964,0.6606785841507549
0.40916139457378964,0.6606785841507549
0.40916139457378964,0.6606785841507549
0.40832458506705616,0.6765615833330718
0.411599272404104,0.6726400135871696
0.4128467790925736,0.6706792287142185
0.4147860931410401,0.6556863545629531
0.414225837598622,0.6750641497509161
0.414225837598622,0.6750641497509161
0.4140698999713707,0.6750641497509161
0.41253247971677465,0.7137800253205063
0.41253247971677465,0.7137800253205063
0.4104123857594209,0.7434293742401067
0.40963269195270524,0.7434293742401067
0.4055891612325688,0.7527074161019368
0.4026263406443348,0.754668165324254
0.4018747694798865,0.7512073800234952
0.4012510161356517,0.7512073800234952
0.4019290187627924,0.7385640252589021
0.4019290187627924,0.7385640252589021
0.4008320741062783,0.7203772821040376
0.4008320741062783,0.7203772821040376
0.401212544905394,0.6989457251895116
0.40044832861699037,0.623337682235346
0.40044832861699037,0.623337682235346
0.4009413863829815,0.6313077023337476
0.4035923317167128,0.6234645628419431
0.4058582301907761,0.6065190321622907
0.4623015611825973,0.7708781164714771
0.4549724955370155,0.7610742277573554
0.4484231123572311,0.7473487336466976
0.44109404671164926,0.7336232038854057
0.43688372794063446,0.7257801000442352
0.4337649753956083,0.7198977454253819
0.4322055962878657,0.7179369605524308
0.4318937181981335,0.7159761756794797
0.4318937181981335,0.7159761756794797
0.4317377805708822,0.7140153908065285
0.4315818401084013,0.7140153908065285
0.43095808676416647,0.7120546059335774
0.43033433341993166,0.7100938210606262
0.4290868238962324,0.7100938210606262
0.4278393172077628,0.7081330005370411
0.4264358757272715,0.7081330005370411
0.4242527489457532,0.7042114307911389
0.4217577497449619,0.7002898610452366
0.41832712194543314,0.6983290761722856
0.41552024749013927,0.6944075064263833
0.4127133588586974,0.690485936680481
0.4108420959907634,0.6885251518075299
0.40811600856730396,0.6527845355535217
0.4076481928503205,0.6527845355535217
0.4068684990436048,0.6508237506805705
0.40608880807211867,0.6488629658076195
0.40530911426540295,0.6469021809346683
0.4042175452041846,0.6469021809346683
0.40281409805323415,0.6469021809346683
0.4012547132750323,0.6449413960617172
0.39891563752534437,0.6429806111887661
0.3965765702813452,0.641019826315815
0.3940815540691764,0.6370982565699127
0.39205435357399104,0.6351374716969616
0.3909627845127727,0.6331766868240105
0.36485271295591587,0.6542330564657558
0.36485271295591587,0.6542330564657558
0.36485271295591587,0.6542330564657558
0.36485271295591587,0.6542330564657558
0.364696772493435,0.6542330564657558
